-- phpMyAdmin SQL Dump
-- version 5.2.0
-- https://www.phpmyadmin.net/
--
-- Host: 127.0.0.1
-- Generation Time: Jul 10, 2022 at 03:10 AM
-- Server version: 10.4.24-MariaDB
-- PHP Version: 8.1.6

SET SQL_MODE = "NO_AUTO_VALUE_ON_ZERO";
START TRANSACTION;
SET time_zone = "+00:00";


/*!40101 SET @OLD_CHARACTER_SET_CLIENT=@@CHARACTER_SET_CLIENT */;
/*!40101 SET @OLD_CHARACTER_SET_RESULTS=@@CHARACTER_SET_RESULTS */;
/*!40101 SET @OLD_COLLATION_CONNECTION=@@COLLATION_CONNECTION */;
/*!40101 SET NAMES utf8mb4 */;

--
-- Database: `online_inventory`
--

-- --------------------------------------------------------

--
-- Table structure for table `tbl_cat`
--

CREATE TABLE `tbl_cat` (
  `cat_id` int(11) NOT NULL,
  `cat_desc` varchar(50) NOT NULL
) ENGINE=InnoDB DEFAULT CHARSET=latin1;

--
-- Dumping data for table `tbl_cat`
--

INSERT INTO `tbl_cat` (`cat_id`, `cat_desc`) VALUES
(1, 'Reqular Office Supplies Expenses'),
(2, 'IT Supplies'),
(3, 'Office Equipment Expenses'),
(4, 'Semi-Expendable Furniture and Fixtures'),
(5, 'Other Supplies and Materials');

-- --------------------------------------------------------

--
-- Table structure for table `tbl_employee`
--

CREATE TABLE `tbl_employee` (
  `emp_id` int(11) NOT NULL,
  `emp_fname` varchar(100) NOT NULL,
  `emp_mname` varchar(100) NOT NULL,
  `emp_lname` varchar(100) NOT NULL,
  `off_id` int(11) NOT NULL,
  `emp_un` varchar(100) NOT NULL,
  `emp_pass` varchar(40) NOT NULL,
  `type_id` int(11) NOT NULL,
  `emp_at_deped` tinyint(1) NOT NULL DEFAULT 1
) ENGINE=InnoDB DEFAULT CHARSET=latin1;

--
-- Dumping data for table `tbl_employee`
--

INSERT INTO `tbl_employee` (`emp_id`, `emp_fname`, `emp_mname`, `emp_lname`, `off_id`, `emp_un`, `emp_pass`, `type_id`, `emp_at_deped`) VALUES
(49, 'PhilHealth', '', 'Admin', 1, 'Admin', '21232f297a57a5a743894a0e4a801fc3', 2, 1),
(54, 'Jam', 'R', 'Gabitanan', 11, 'Jam_Gabitanan', '36ab7f023ce43afb47f27dc0bf467647', 2, 0),
(59, 'Princess', 'R', 'Gabitanan', 10, 'Princess_Gabitanan', '0a6683496afa5b7a16e0bb5cd8f171e5', 2, 0),
(60, 'Princess', 'R', 'Gabitanan', 12, 'Princess_Gabitanan', '0a6683496afa5b7a16e0bb5cd8f171e5', 2, 1),
(61, 'Jam', 'R', 'Gabitanan', 10, 'Jam_Gabitanan', '36ab7f023ce43afb47f27dc0bf467647', 2, 1);

-- --------------------------------------------------------

--
-- Table structure for table `tbl_emp_type`
--

CREATE TABLE `tbl_emp_type` (
  `type_id` int(11) NOT NULL,
  `type_desc` varchar(50) NOT NULL
) ENGINE=InnoDB DEFAULT CHARSET=latin1;

--
-- Dumping data for table `tbl_emp_type`
--

INSERT INTO `tbl_emp_type` (`type_id`, `type_desc`) VALUES
(1, 'Employee'),
(2, 'Admin');

-- --------------------------------------------------------

--
-- Table structure for table `tbl_item`
--

CREATE TABLE `tbl_item` (
  `item_id` int(11) NOT NULL,
  `item_name` varchar(50) NOT NULL,
  `om_amount` double NOT NULL,
  `ismd_amount` double NOT NULL,
  `itrmd_amount` double NOT NULL,
  `ippsd_amount` double NOT NULL,
  `item_purdate` date NOT NULL,
  `emp_id` int(11) NOT NULL,
  `cat_id` int(11) NOT NULL,
  `status_id` int(11) NOT NULL DEFAULT 4
) ENGINE=InnoDB DEFAULT CHARSET=latin1;

--
-- Dumping data for table `tbl_item`
--

INSERT INTO `tbl_item` (`item_id`, `item_name`, `om_amount`, `ismd_amount`, `itrmd_amount`, `ippsd_amount`, `item_purdate`, `emp_id`, `cat_id`, `status_id`) VALUES
(34, 'ADAPTOR: Adaptor, HDMI to VGA', 0, 10, 10, 10, '2022-07-07', 49, 1, 4),
(35, 'ART PAPER: assorted color, 10pcs/pack', 100, 100, 90, 100, '2022-07-09', 49, 1, 4),
(38, 'Cart: Push Cart;', 100, 100, 100, 100, '2022-07-09', 49, 3, 4),
(39, 'HARDWARE SUPPLY: Drill Bit', 10, 10, 10, 10, '2022-07-09', 49, 5, 4);

-- --------------------------------------------------------

--
-- Table structure for table `tbl_item_status`
--

CREATE TABLE `tbl_item_status` (
  `status_id` int(11) NOT NULL,
  `status_desc` varchar(30) NOT NULL
) ENGINE=InnoDB DEFAULT CHARSET=latin1;

--
-- Dumping data for table `tbl_item_status`
--

INSERT INTO `tbl_item_status` (`status_id`, `status_desc`) VALUES
(1, 'for repair'),
(2, 'for transfer'),
(3, 'for condemed'),
(4, 'none');

-- --------------------------------------------------------

--
-- Table structure for table `tbl_off`
--

CREATE TABLE `tbl_off` (
  `off_id` int(11) NOT NULL,
  `off_desc` varchar(50) NOT NULL
) ENGINE=InnoDB DEFAULT CHARSET=latin1;

--
-- Dumping data for table `tbl_off`
--

INSERT INTO `tbl_off` (`off_id`, `off_desc`) VALUES
(1, 'ADMIN'),
(10, 'OM'),
(11, 'ISMD'),
(12, 'ITRMD'),
(13, 'IPPSD');

-- --------------------------------------------------------

--
-- Table structure for table `tbl_request`
--

CREATE TABLE `tbl_request` (
  `req_id` int(11) NOT NULL,
  `req_date` date NOT NULL,
  `item_id` int(11) NOT NULL,
  `emp_id` int(11) NOT NULL,
  `amount` int(11) NOT NULL,
  `req_is_done` tinyint(4) NOT NULL DEFAULT 0
) ENGINE=InnoDB DEFAULT CHARSET=latin1;

--
-- Dumping data for table `tbl_request`
--

INSERT INTO `tbl_request` (`req_id`, `req_date`, `item_id`, `emp_id`, `amount`, `req_is_done`) VALUES
(113, '2022-07-10', 35, 60, 10, 1),
(114, '2022-07-10', 34, 61, 10, 1);

--
-- Indexes for dumped tables
--

--
-- Indexes for table `tbl_cat`
--
ALTER TABLE `tbl_cat`
  ADD PRIMARY KEY (`cat_id`);

--
-- Indexes for table `tbl_employee`
--
ALTER TABLE `tbl_employee`
  ADD PRIMARY KEY (`emp_id`),
  ADD KEY `type_id` (`type_id`),
  ADD KEY `off_id` (`off_id`);

--
-- Indexes for table `tbl_emp_type`
--
ALTER TABLE `tbl_emp_type`
  ADD PRIMARY KEY (`type_id`);

--
-- Indexes for table `tbl_item`
--
ALTER TABLE `tbl_item`
  ADD PRIMARY KEY (`item_id`),
  ADD KEY `emp_id` (`emp_id`),
  ADD KEY `cat_id` (`cat_id`),
  ADD KEY `status_id` (`status_id`);

--
-- Indexes for table `tbl_item_status`
--
ALTER TABLE `tbl_item_status`
  ADD PRIMARY KEY (`status_id`);

--
-- Indexes for table `tbl_off`
--
ALTER TABLE `tbl_off`
  ADD PRIMARY KEY (`off_id`);

--
-- Indexes for table `tbl_request`
--
ALTER TABLE `tbl_request`
  ADD PRIMARY KEY (`req_id`),
  ADD KEY `item_id` (`item_id`);

--
-- AUTO_INCREMENT for dumped tables
--

--
-- AUTO_INCREMENT for table `tbl_cat`
--
ALTER TABLE `tbl_cat`
  MODIFY `cat_id` int(11) NOT NULL AUTO_INCREMENT, AUTO_INCREMENT=6;

--
-- AUTO_INCREMENT for table `tbl_employee`
--
ALTER TABLE `tbl_employee`
  MODIFY `emp_id` int(11) NOT NULL AUTO_INCREMENT, AUTO_INCREMENT=62;

--
-- AUTO_INCREMENT for table `tbl_emp_type`
--
ALTER TABLE `tbl_emp_type`
  MODIFY `type_id` int(11) NOT NULL AUTO_INCREMENT, AUTO_INCREMENT=3;

--
-- AUTO_INCREMENT for table `tbl_item`
--
ALTER TABLE `tbl_item`
  MODIFY `item_id` int(11) NOT NULL AUTO_INCREMENT, AUTO_INCREMENT=40;

--
-- AUTO_INCREMENT for table `tbl_item_status`
--
ALTER TABLE `tbl_item_status`
  MODIFY `status_id` int(11) NOT NULL AUTO_INCREMENT, AUTO_INCREMENT=5;

--
-- AUTO_INCREMENT for table `tbl_off`
--
ALTER TABLE `tbl_off`
  MODIFY `off_id` int(11) NOT NULL AUTO_INCREMENT, AUTO_INCREMENT=14;

--
-- AUTO_INCREMENT for table `tbl_request`
--
ALTER TABLE `tbl_request`
  MODIFY `req_id` int(11) NOT NULL AUTO_INCREMENT, AUTO_INCREMENT=115;

--
-- Constraints for dumped tables
--

--
-- Constraints for table `tbl_employee`
--
ALTER TABLE `tbl_employee`
  ADD CONSTRAINT `tbl_employee_ibfk_1` FOREIGN KEY (`type_id`) REFERENCES `tbl_emp_type` (`type_id`),
  ADD CONSTRAINT `tbl_employee_ibfk_3` FOREIGN KEY (`off_id`) REFERENCES `tbl_off` (`off_id`);

--
-- Constraints for table `tbl_item`
--
ALTER TABLE `tbl_item`
  ADD CONSTRAINT `tbl_item_ibfk_1` FOREIGN KEY (`emp_id`) REFERENCES `tbl_employee` (`emp_id`),
  ADD CONSTRAINT `tbl_item_ibfk_2` FOREIGN KEY (`cat_id`) REFERENCES `tbl_cat` (`cat_id`),
  ADD CONSTRAINT `tbl_item_ibfk_4` FOREIGN KEY (`status_id`) REFERENCES `tbl_item_status` (`status_id`);

--
-- Constraints for table `tbl_request`
--
ALTER TABLE `tbl_request`
  ADD CONSTRAINT `tbl_request_ibfk_1` FOREIGN KEY (`item_id`) REFERENCES `tbl_item` (`item_id`);
COMMIT;

/*!40101 SET CHARACTER_SET_CLIENT=@OLD_CHARACTER_SET_CLIENT */;
/*!40101 SET CHARACTER_SET_RESULTS=@OLD_CHARACTER_SET_RESULTS */;
/*!40101 SET COLLATION_CONNECTION=@OLD_COLLATION_CONNECTION */;
